pair,doc_mix,ndcg_0,ndcg_10,ndcg_30,ndcg_50,ndcg_70,ndcg_90,ndcg_100,fit_rows,predicted_alpha
AR-HI,AR + HI docs,27.06432,27.919203,29.455725,31.35015,32.135815,31.34718,30.699144,4373,70
AR-HI,AR docs,26.720814,27.482286,28.254423,28.137762,25.372564,20.477335,18.462112,4373,30
AR-HI,HI docs,15.759075,18.675514,24.950436,29.81838,31.175434,30.946423,30.363998,4373,70
AR-ID,AR + ID docs,27.104961,27.844944,29.541462,31.24302,32.19402,31.758951,31.353304,4373,70
AR-ID,AR docs,26.720814,27.416828,28.758696,28.97286,26.748322,22.658804,20.963148,4373,50
AR-ID,ID docs,17.173862,19.744936,25.860357,30.556408,31.98003,31.57676,31.23286,4373,70
AR-PT,AR + PT docs,27.272577,28.284908,30.157375,32.32335,33.423756,33.356026,32.90323,4373,70
AR-PT,AR docs,26.720814,27.599442,28.926714,29.343878,27.01927,22.843502,20.855999,4373,50
AR-PT,PT docs,17.715603,20.817373,27.511503,32.102062,33.44794,33.32279,32.86123,4373,70
AR-RU,AR + RU docs,27.109406,27.98694,29.620329,30.690983,31.468296,30.975706,30.580873,4373,70
AR-RU,AR docs,26.720814,27.49818,28.592531,28.590284,25.92913,21.527128,19.409279,4373,50
AR-RU,RU docs,17.337696,19.770926,25.498362,29.850283,31.065928,30.637123,30.337633,4373,70
AR-VI,AR + VI docs,27.086597,27.821705,29.130262,30.117525,29.65522,28.868896,28.287258,4373,50
AR-VI,AR docs,26.720814,27.378109,28.380457,28.124487,24.61276,19.487602,17.527044,4373,30
AR-VI,VI docs,16.331207,18.678946,24.207144,28.386683,29.42486,28.836157,28.347124,4373,70
AR-ZH,AR + ZH docs,27.134287,27.94887,29.63593,30.44282,30.174952,29.44325,29.0343,4373,50
AR-ZH,AR docs,26.720814,27.471687,28.596075,28.162214,24.621964,19.349897,16.80499,4373,30
AR-ZH,ZH docs,15.323041,17.705965,23.861021,28.878462,29.953983,29.409836,28.94577,4373,70
DE-AR,AR docs,19.677122,21.71962,26.294352,28.929525,28.791157,27.645294,26.720814,4373,50
DE-AR,DE + AR docs,32.159374,32.63687,32.909157,31.49608,29.74594,28.14006,27.140919,4373,30
DE-AR,DE docs,31.79591,32.26444,32.526672,30.972755,25.872618,19.409561,16.506104,4373,30
DE-HI,DE + HI docs,32.044533,32.642616,33.46017,33.649025,32.766907,31.44581,30.649979,4373,50
DE-HI,DE docs,31.79591,32.44331,32.83489,31.854706,28.418646,22.52263,19.4499,4373,30
DE-HI,HI docs,20.340641,22.908245,28.166813,31.419474,31.773779,30.97933,30.363998,4373,70
DE-ID,DE + ID docs,32.25048,32.94557,33.802567,34.10365,33.50891,32.20948,31.654924,4373,50
DE-ID,DE docs,31.79591,32.3404,33.149837,32.688957,30.65911,27.002514,25.30522,4373,30
DE-ID,ID docs,25.645632,27.09767,30.220682,32.619404,32.89938,31.756628,31.23286,4373,70
DE-JA,DE + JA docs,31.973734,32.63208,33.666206,33.712616,32.64552,31.516203,31.161034,4373,50
DE-JA,DE docs,31.79591,32.427265,33.11389,32.368114,28.563099,22.89786,20.213835,4373,30
DE-JA,JA docs,19.54797,22.022701,27.646246,31.190119,31.720865,31.08504,30.724192,4373,70
DE-NL,DE + NL docs,32.295456,32.93659,33.66114,34.238407,34.40558,33.83537,33.25813,4373,70
DE-NL,DE docs,31.79591,32.365353,32.887676,32.926594,31.537699,29.196363,28.182825,4373,50
DE-NL,NL docs,28.72654,30.055721,32.522633,34.032825,34.11067,33.578083,33.03506,4373,70
DE-PT,DE + PT docs,32.39805,33.133537,34.12354,34.45829,34.514427,33.559475,33.032875,4373,70
DE-PT,DE docs,31.79591,32.336613,33.0914,32.998726,30.902874,27.804193,26.147177,4373,30
DE-PT,PT docs,26.21456,27.808653,31.336042,33.599857,34.187817,33.40198,32.86123,4373,70
DE-RU,DE + RU docs,32.23241,32.737167,33.841797,33.690002,32.694622,31.640932,30.89236,4373,30
DE-RU,DE docs,31.79591,32.38954,33.012238,32.35611,29.293688,25.246304,23.093052,4373,30
DE-RU,RU docs,23.578548,25.31679,29.115282,31.54859,31.610754,30.921974,30.337633,4373,70
DE-VI,DE + VI docs,32.201942,32.67997,33.318035,32.553036,30.792227,29.343304,28.661781,4373,30
DE-VI,DE docs,31.79591,32.267487,32.86183,31.86547,27.952593,22.981768,20.64415,4373,30
DE-VI,VI docs,22.706333,24.287777,28.067307,30.242172,30.038013,28.924963,28.347124,4373,50
DE-ZH,DE + ZH docs,32.127247,32.704834,32.8163,32.283413,31.035034,29.80449,29.23319,4373,30
DE-ZH,DE docs,31.79591,32.374252,32.652843,31.64058,27.32665,20.684534,17.86487,4373,30
DE-ZH,ZH docs,19.068783,21.51309,26.721008,30.18878,30.464163,29.480343,28.94577,4373,70
EN-AR,AR docs,24.833668,26.405954,29.8503,31.26133,30.129885,27.923069,26.720814,4373,50
EN-AR,EN + AR docs,39.48674,39.55507,38.905487,35.637276,31.853016,28.814571,27.420694,4373,10
EN-AR,EN docs,39.55783,39.570034,39.203335,36.8573,30.525936,22.299198,18.951641,4373,10
EN-DE,DE docs,32.559002,33.421036,34.865955,35.270893,34.30958,32.76921,31.79591,4373,50
EN-DE,EN + DE docs,39.574318,39.61808,39.653114,38.301662,35.95088,33.80858,32.906025,4373,30
EN-DE,EN docs,39.55783,39.589787,39.545937,38.370968,35.216934,30.92106,29.167034,4373,10
EN-ES,EN + ES docs,39.576157,39.51081,39.27513,37.888634,36.604004,35.27681,34.592304,4373,0
EN-ES,EN docs,39.55783,39.665344,39.337765,38.12689,35.230328,32.057865,30.426413,4373,10
EN-ES,ES docs,33.239044,34.093563,35.638313,36.270172,35.938858,34.949562,34.34663,4373,50
EN-FR,EN + FR docs,39.56883,39.51287,39.36377,37.938316,36.368706,34.783276,34.08872,4373,0
EN-FR,EN docs,39.55783,39.41531,39.18294,37.892944,35.101982,31.374493,29.768883,4373,0
EN-FR,FR docs,32.515785,33.437046,35.104237,35.68511,35.197712,33.955452,33.376606,4373,50
EN-HI,EN + HI docs,39.526737,39.590836,39.34369,37.38461,34.534283,32.094913,31.008629,4373,10
EN-HI,EN docs,39.55783,39.571407,39.348053,38.05268,33.631016,27.3343,23.949331,4373,10
EN-HI,HI docs,27.30794,29.051846,32.01746,33.36448,32.721077,31.199074,30.363998,4373,50
EN-ID,EN + ID docs,39.59855,39.588013,39.239998,37.684837,35.30122,33.324223,32.35531,4373,0
EN-ID,EN docs,39.55783,39.60517,39.195736,37.994442,34.580357,30.386566,28.436943,4373,10
EN-ID,ID docs,31.82648,32.60877,33.814568,34.217285,33.658684,31.94876,31.23286,4373,50
EN-IT,EN + IT docs,39.62198,39.607784,39.309273,37.653908,36.209835,34.075287,33.2651,4373,0
EN-IT,EN docs,39.55783,39.576847,39.18481,37.897854,34.65263,30.855352,29.288635,4373,10
EN-IT,IT docs,32.596485,33.46498,34.898563,35.661266,35.109684,33.393444,32.74416,4373,50
EN-JA,EN + JA docs,39.59289,39.551968,39.22384,36.930332,34.37319,32.2762,31.369608,4373,0
EN-JA,EN docs,39.55783,39.55854,39.21729,37.702217,32.8904,26.17437,22.65877,4373,10
EN-JA,JA docs,25.639116,27.601177,31.315691,32.79818,32.58257,31.354715,30.724192,4373,50
EN-NL,EN + NL docs,39.441414,39.41521,39.340935,38.158806,36.076534,34.65116,33.9433,4373,0
EN-NL,EN docs,39.55783,39.49637,39.23278,38.090202,35.25479,31.523375,29.94837,4373,0
EN-NL,NL docs,32.95678,33.90827,35.231956,35.605564,34.80418,33.685078,33.03506,4373,50
EN-PT,EN + PT docs,39.60302,39.676353,39.30826,37.776073,35.91661,34.10412,33.339157,4373,10
EN-PT,EN docs,39.55783,39.541412,39.32716,38.016834,35.1534,31.284065,29.595732,4373,0
EN-PT,PT docs,33.07333,33.90915,35.29078,35.738262,34.936176,33.51475,32.86123,4373,50
EN-RU,EN + RU docs,39.577,39.53023,39.043243,36.810005,34.318356,32.26171,31.194925,4373,0
EN-RU,EN docs,39.55783,39.557266,39.289036,37.41993,33.28226,28.022709,25.462986,4373,10
EN-RU,RU docs,28.938583,30.360086,32.611015,33.36128,32.51647,31.195457,30.337633,4373,50
EN-VI,EN + VI docs,39.603165,39.582016,38.824642,35.960182,32.559074,29.982138,28.932579,4373,0
EN-VI,EN docs,39.55783,39.519684,39.018898,36.694637,31.784752,25.769758,23.255407,4373,0
EN-VI,VI docs,28.188448,29.236553,31.436947,32.005924,31.081501,29.172997,28.347124,4373,50
EN-ZH,EN + ZH docs,39.43183,39.32867,38.290134,35.214096,32.09406,30.109272,29.337797,4373,0
EN-ZH,EN docs,39.55783,39.41374,38.87764,36.60192,31.348034,23.285837,19.988123,4373,0
EN-ZH,ZH docs,24.457796,26.376854,30.091738,31.946493,31.230837,29.685663,28.94577,4373,50
ES-AR,AR docs,21.41503,23.551281,27.49351,29.741999,29.310501,27.736458,26.720814,4373,50
ES-AR,ES + AR docs,34.218597,34.469864,34.609627,32.98314,30.410685,28.294207,27.231186,4373,30
ES-AR,ES docs,34.34663,34.568012,34.706863,33.094578,27.918865,21.066225,17.823307,4373,30
ES-DE,DE docs,27.160992,28.569778,31.448963,33.086147,33.211437,32.33469,31.79591,4373,70
ES-DE,ES + DE docs,34.514763,34.81324,35.19386,34.84483,34.314266,33.063534,32.314613,4373,30
ES-DE,ES docs,34.34663,34.702892,34.95519,34.114403,32.106377,28.252537,26.448086,4373,30
ES-FR,ES + FR docs,34.561016,34.77714,35.47583,35.3475,34.97468,34.36324,33.83201,4373,30
ES-FR,ES docs,34.34663,34.535828,34.846203,34.471825,32.66516,30.281315,28.934866,4373,30
ES-FR,FR docs,29.324095,30.272575,32.794502,34.29997,34.28753,33.815407,33.376606,4373,50
ES-HI,ES + HI docs,34.419037,34.887913,35.152725,34.835873,33.360714,31.66735,30.717947,4373,30
ES-HI,ES docs,34.34663,34.71063,34.8456,34.018967,30.180279,24.013119,21.245865,4373,30
ES-HI,HI docs,21.175629,23.521683,28.46494,31.504717,31.941809,31.029675,30.363998,4373,70
ES-ID,ES + ID docs,34.519875,34.918133,35.331272,34.697342,33.700718,32.45135,31.697298,4373,30
ES-ID,ES docs,34.34663,34.712574,35.011345,34.358063,32.0813,28.441366,26.641506,4373,30
ES-ID,ID docs,27.301147,28.712584,31.191591,32.769814,32.863235,31.90882,31.23286,4373,70
ES-IT,ES + IT docs,34.490303,34.71594,35.099724,34.75414,34.254128,33.388,32.896576,4373,30
ES-IT,ES docs,34.34663,34.53464,34.54273,34.03504,32.213734,29.8293,28.776104,4373,30
ES-IT,IT docs,29.812773,30.766787,32.743526,34.032528,34.026924,33.241028,32.74416,4373,50
ES-JA,ES + JA docs,34.29074,34.698322,34.88158,34.533546,32.904343,31.631157,31.039314,4373,30
ES-JA,ES docs,34.34663,34.753807,34.84456,33.619083,29.687803,23.517097,20.433558,4373,30
ES-JA,JA docs,20.628698,22.928204,27.966467,31.278185,31.839405,31.245667,30.724192,4373,70
ES-NL,ES + NL docs,34.73416,35.0835,35.42996,34.986942,34.342434,33.99268,33.476322,4373,30
ES-NL,ES docs,34.34663,34.667145,34.844376,34.16744,31.867464,28.738213,27.261906,4373,30
ES-NL,NL docs,27.753391,29.286875,31.941195,33.44627,33.856976,33.50708,33.03506,4373,70
ES-PT,ES + PT docs,34.48746,34.85602,35.382397,35.388584,34.861282,33.975193,33.3322,4373,50
ES-PT,ES docs,34.34663,34.67476,35.015606,34.77912,33.35168,31.735672,30.919657,4373,30
ES-PT,PT docs,31.442574,32.193176,33.52484,34.229034,34.208397,33.377525,32.86123,4373,50
ES-RU,ES + RU docs,34.619904,34.861526,35.122856,34.226223,32.68036,31.572638,30.846966,4373,30
ES-RU,ES docs,34.34663,34.578697,34.773724,33.701004,30.314287,25.846485,23.659052,4373,30
ES-RU,RU docs,25.06786,26.771742,29.992693,31.758432,31.685585,30.939198,30.337633,4373,50
ES-VI,ES + VI docs,34.441853,34.580452,34.603622,33.324913,31.16825,29.314726,28.639965,4373,30
ES-VI,ES docs,34.34663,34.534733,34.449642,33.172832,29.018404,23.459768,21.379477,4373,10
ES-VI,VI docs,24.478231,25.73713,28.7269,30.564566,30.41305,28.979334,28.347124,4373,50
ES-ZH,ES + ZH docs,34.301453,34.531998,34.74562,33.068466,31.258757,29.942707,29.326378,4373,30
ES-ZH,ES docs,34.34663,34.642906,34.926537,33.308826,28.805225,21.797903,18.744812,4373,30
ES-ZH,ZH docs,20.691425,22.909258,27.446144,30.367218,30.493866,29.502975,28.94577,4373,70
FR-AR,AR docs,20.668774,22.66571,26.857496,29.01794,28.802805,27.586111,26.720814,4373,50
FR-AR,FR + AR docs,33.558834,33.834877,33.82878,32.398594,29.849522,28.288239,27.271313,4373,30
FR-AR,FR docs,33.376606,33.6217,33.819256,32.056595,26.965961,20.357786,17.636194,4373,30
FR-DE,DE docs,26.384062,28.058807,30.937483,32.998737,33.046772,32.37254,31.79591,4373,70
FR-DE,FR + DE docs,33.674133,34.264244,34.785717,34.66806,34.05614,33.001205,32.427464,4373,30
FR-DE,FR docs,33.376606,33.879986,34.320908,33.91996,31.76207,28.352713,26.74034,4373,30
FR-HI,FR + HI docs,33.402187,33.822655,34.35278,34.2216,32.9879,31.451971,30.672232,4373,30
FR-HI,FR docs,33.376606,33.701942,33.98648,32.980953,29.145763,23.429955,20.387922,4373,30
FR-HI,HI docs,20.990826,23.389093,28.090696,31.429707,32.010124,31.021938,30.363998,4373,70
FR-ID,FR + ID docs,33.621105,34.051403,34.598984,34.175762,33.50637,32.309517,31.602518,4373,30
FR-ID,FR docs,33.376606,33.71531,34.1567,33.70962,31.23044,27.587624,26.021446,4373,30
FR-ID,ID docs,26.122967,27.605145,30.085018,32.10735,32.57713,31.816624,31.23286,4373,70
FR-IT,FR + IT docs,33.860165,34.09246,34.49623,34.669697,34.472607,33.734974,33.194393,4373,50
FR-IT,FR docs,33.376606,33.62876,33.911354,33.789215,32.322224,29.774185,28.560005,4373,30
FR-IT,IT docs,28.595993,29.821459,32.134224,33.621517,33.77592,33.216408,32.74416,4373,70
FR-JA,FR + JA docs,33.39923,33.748375,34.16056,33.789112,32.749126,31.706234,31.117096,4373,30
FR-JA,FR docs,33.376606,33.65786,34.043278,33.01841,29.04869,23.218536,20.10623,4373,30
FR-JA,JA docs,19.69315,22.163912,27.355722,30.94991,31.706398,31.124071,30.724192,4373,70
FR-NL,FR + NL docs,33.877995,34.257767,34.664604,34.56117,34.235035,33.861015,33.409546,4373,30
FR-NL,FR docs,33.376606,33.753105,34.200603,33.964104,31.715666,28.605398,27.23943,4373,30
FR-NL,NL docs,27.451584,28.684452,31.533014,33.43266,33.726723,33.478058,33.03506,4373,70
FR-PT,FR + PT docs,33.806778,34.23074,34.949127,35.259293,34.91054,33.70885,33.19346,4373,50
FR-PT,FR docs,33.376606,33.670387,34.219494,34.23167,32.443592,29.810846,28.56187,4373,50
FR-PT,PT docs,28.61758,29.963139,32.44743,34.018066,34.175552,33.259254,32.86123,4373,70
FR-RU,FR + RU docs,33.740196,34.179394,34.546944,34.127853,32.90762,31.469103,30.893587,4373,30
FR-RU,FR docs,33.376606,33.871983,34.135418,33.364975,30.341112,25.811882,23.931581,4373,30
FR-RU,RU docs,24.650293,26.419523,29.547848,31.72685,31.720089,30.782347,30.337633,4373,50
FR-VI,FR + VI docs,33.561592,33.854836,34.105255,32.82904,30.92077,29.389343,28.649792,4373,30
FR-VI,FR docs,33.376606,33.645924,34.01787,32.727013,28.675556,23.360151,21.146832,4373,30
FR-VI,VI docs,23.5276,24.950577,28.428688,30.353418,30.080616,28.900383,28.347124,4373,50
FR-ZH,FR + ZH docs,33.56345,33.89273,33.9174,32.259388,31.104397,29.838463,29.159534,4373,30
FR-ZH,FR docs,33.376606,33.691177,33.86551,32.39748,28.01329,21.501331,18.49976,4373,30
FR-ZH,ZH docs,19.870182,21.967607,26.931425,30.003862,30.479576,29.554104,28.94577,4373,70
HI-ID,HI + ID docs,30.624582,31.251654,32.63682,33.089626,32.755207,31.920536,31.390217,4373,50
HI-ID,HI docs,30.363998,30.949697,31.816877,31.174015,28.33037,23.622679,21.205755,4373,30
HI-ID,ID docs,20.037127,22.679642,27.963177,31.431944,32.117477,31.698956,31.23286,4373,70
HI-PT,HI + PT docs,30.824194,31.753984,33.087353,34.041565,34.35324,33.639072,33.024612,4373,70
HI-PT,HI docs,30.363998,31.108152,31.95797,31.423454,28.256994,23.756563,21.37134,4373,30
HI-PT,PT docs,21.102085,24.241396,29.610403,33.074696,33.909092,33.352997,32.86123,4373,70
HI-RU,HI + RU docs,30.84535,31.495258,32.68961,32.951492,32.333805,31.274118,30.621183,4373,50
HI-RU,HI docs,30.363998,30.908468,31.725107,30.94073,27.278545,21.65016,19.200779,4373,30
HI-RU,RU docs,19.287096,21.887783,27.190954,30.628822,31.309845,30.786524,30.337633,4373,70
HI-VI,HI + VI docs,30.621992,31.264286,32.027508,31.771275,30.353308,28.99236,28.38917,4373,30
HI-VI,HI docs,30.363998,30.871658,31.327507,30.402596,25.98849,19.573858,16.734812,4373,30
HI-VI,VI docs,18.648302,20.993254,25.958408,29.021715,29.46047,28.793667,28.347124,4373,70
HI-ZH,HI + ZH docs,30.77678,31.53979,32.295135,32.140514,30.59683,29.626448,29.074322,4373,30
HI-ZH,HI docs,30.363998,31.020409,31.521763,30.38543,25.499725,18.703678,15.598854,4373,30
HI-ZH,ZH docs,16.455332,19.094475,24.850294,29.357903,30.00126,29.448399,28.94577,4373,70
ID-PT,ID + PT docs,31.88205,32.69282,33.896782,34.254395,34.43041,33.580208,33.08229,4373,70
ID-PT,ID docs,31.23286,31.850832,32.674496,32.385983,30.557022,27.895863,26.594616,4373,30
ID-PT,PT docs,26.61901,28.238272,31.626902,33.667545,34.174614,33.365433,32.86123,4373,70
ID-RU,ID + RU docs,31.738127,32.136997,32.949,33.166714,32.67776,31.520777,30.87942,4373,50
ID-RU,ID docs,31.23286,31.665308,32.320095,31.501883,28.462904,24.250952,22.178791,4373,30
ID-RU,RU docs,23.169878,25.109125,28.887583,31.692005,31.826513,30.893805,30.337633,4373,70
ID-VI,ID + VI docs,31.397875,31.738024,32.150986,31.484968,30.354544,29.208773,28.60153,4373,30
ID-VI,ID docs,31.23286,31.610804,31.843317,31.194778,27.74908,23.24848,21.43423,4373,30
ID-VI,VI docs,23.661139,24.877977,27.888834,29.788305,29.781122,28.850855,28.347124,4373,50
ID-ZH,ID + ZH docs,31.635818,32.024807,32.204865,31.364624,30.614002,29.78999,29.227125,4373,30
ID-ZH,ID docs,31.23286,31.60197,32.17552,30.91588,26.539745,20.58556,17.853212,4373,30
ID-ZH,ZH docs,19.569817,21.863005,26.505413,29.981535,30.138788,29.458591,28.94577,4373,70
IT-AR,AR docs,20.29035,22.336948,26.557718,29.108461,28.823114,27.563139,26.720814,4373,50
IT-AR,IT + AR docs,32.81052,32.9657,33.14229,32.201527,29.988388,28.237383,27.26305,4373,30
IT-AR,IT docs,32.74416,32.968765,33.12623,31.855341,26.969254,20.107033,17.077751,4373,30
IT-DE,DE docs,26.132809,27.561954,30.72015,32.6944,32.99027,32.351665,31.79591,4373,70
IT-DE,IT + DE docs,33.10181,33.483135,34.477127,34.39919,33.939377,32.98608,32.4181,4373,30
IT-DE,IT docs,32.74416,33.151314,33.86403,33.493923,31.267948,27.862114,26.36323,4373,30
IT-HI,HI docs,20.303265,22.852535,27.831568,31.258318,31.8376,30.9597,30.363998,4373,70
IT-HI,IT + HI docs,32.817154,33.16981,34.235855,34.244724,32.82825,31.517622,30.787056,4373,50
IT-HI,IT docs,32.74416,33.087482,33.889893,33.0351,29.15285,23.17174,20.191607,4373,30
IT-ID,ID docs,25.555567,27.010197,29.61987,31.937325,32.37018,31.617897,31.23286,4373,70
IT-ID,IT + ID docs,32.850716,33.187866,34.00683,33.858852,33.158546,32.27671,31.54917,4373,30
IT-ID,IT docs,32.74416,33.070274,33.7047,33.364185,31.174751,27.794392,26.192703,4373,30
IT-JA,IT + JA docs,32.76581,33.268204,34.008804,33.522034,32.642513,31.71503,31.129696,4373,30
IT-JA,IT docs,32.74416,33.23838,33.876453,32.68092,29.059147,23.073404,20.387657,4373,30
IT-JA,JA docs,19.364834,21.79263,27.15398,30.742165,31.447044,31.086946,30.724192,4373,70
IT-NL,IT + NL docs,33.05598,33.566475,34.57062,34.53847,34.123425,33.77735,33.33263,4373,30
IT-NL,IT docs,32.74416,33.16676,33.93771,33.52949,31.413504,28.313547,26.877182,4373,30
IT-NL,NL docs,26.863867,28.11541,31.277573,33.29572,33.663094,33.37764,33.03506,4373,70
IT-PT,IT + PT docs,32.991817,33.450005,34.356205,34.72989,34.653854,33.850536,33.343,4373,50
IT-PT,IT docs,32.74416,33.179188,33.927715,33.79197,32.375786,30.215881,29.120958,4373,30
IT-PT,PT docs,29.011335,30.07587,32.36493,33.575867,33.82809,33.317284,32.86123,4373,70
IT-RU,IT + RU docs,32.948883,33.260303,33.868668,33.61514,32.71595,31.55651,31.023108,4373,30
IT-RU,IT docs,32.74416,33.01565,33.61173,32.890583,30.104933,25.727478,23.692293,4373,30
IT-RU,RU docs,24.111546,25.838434,29.400963,31.480095,31.568653,30.826317,30.337633,4373,70
IT-VI,IT + VI docs,32.88693,33.18435,33.554424,32.346844,30.472116,29.334755,28.599361,4373,30
IT-VI,IT docs,32.74416,32.9654,33.268826,32.112854,28.318535,22.9302,20.856686,4373,30
IT-VI,VI docs,23.07907,24.570644,27.735323,29.887995,29.828432,28.942865,28.347124,4373,50
IT-ZH,IT + ZH docs,32.889725,33.160847,33.42738,32.60757,30.843582,29.580708,29.252518,4373,30
IT-ZH,IT docs,32.74416,32.983555,33.499634,32.332054,27.881699,21.280266,18.346556,4373,30
IT-ZH,ZH docs,19.558743,21.71822,26.652979,29.997221,30.230562,29.267416,28.94577,4373,70
JA-AR,AR docs,17.94323,20.413485,25.571207,28.52782,28.640282,27.433271,26.720814,4373,70
JA-AR,JA + AR docs,30.8847,31.310053,31.731483,31.41902,29.610092,27.811813,27.023365,4373,30
JA-AR,JA docs,30.724192,30.987337,30.991522,29.760458,24.526043,17.9698,15.095735,4373,30
JA-HI,HI docs,18.768265,21.484625,27.065123,30.993237,31.866356,30.919857,30.363998,4373,70
JA-HI,JA + HI docs,30.990341,31.474007,32.19548,32.762352,32.593445,31.214737,30.652798,4373,50
JA-HI,JA docs,30.724192,30.9871,31.18665,30.371813,26.311893,20.662813,17.947407,4373,30
JA-ID,ID docs,20.002817,22.468033,28.081406,31.618404,32.285934,31.632467,31.23286,4373,70
JA-ID,JA + ID docs,31.150015,31.581133,32.502087,33.083508,32.681145,31.836407,31.462593,4373,50
JA-ID,JA docs,30.724192,31.122938,31.59922,31.092882,27.129345,21.830114,19.448864,4373,30
JA-PT,JA + PT docs,31.177557,31.728651,33.018066,33.976734,34.198235,33.414413,33.013596,4373,70
JA-PT,JA docs,30.724192,31.165379,31.878506,31.013035,27.555717,22.284628,19.688515,4373,30
JA-PT,PT docs,20.357685,23.469612,29.453615,32.911766,34.06473,33.292774,32.86123,4373,70
JA-RU,JA + RU docs,31.24993,31.637417,32.553883,33.029827,32.375523,31.061928,30.45679,4373,50
JA-RU,JA docs,30.724192,31.020796,31.381142,30.601143,26.397013,21.193842,18.715101,4373,30
JA-RU,RU docs,19.823633,22.27615,27.724733,31.014986,31.76072,30.964397,30.337633,4373,70
JA-VI,JA + VI docs,31.02603,31.441284,32.05149,31.600504,30.050066,29.013798,28.252676,4373,30
JA-VI,JA docs,30.724192,31.102142,31.456266,30.177477,25.522583,19.562384,16.702707,4373,30
JA-VI,VI docs,19.212757,21.726795,26.3657,29.655678,29.815466,28.965492,28.347124,4373,70
JA-ZH,JA + ZH docs,31.320986,31.722887,32.34363,31.649033,30.715466,29.735527,29.082878,4373,30
JA-ZH,JA docs,30.724192,31.027702,31.297026,30.470072,26.484854,21.135117,19.074518,4373,30
JA-ZH,ZH docs,20.181503,22.401628,26.714167,29.6297,30.02097,29.527222,28.94577,4373,70
NL-AR,AR docs,20.173798,22.23198,26.439371,29.162535,28.936352,27.671682,26.720814,4373,50
NL-AR,NL + AR docs,33.11185,33.59452,33.606285,32.408733,30.338472,28.358662,27.303476,4373,30
NL-AR,NL docs,33.03506,33.53553,33.585754,31.92284,26.789001,20.159243,17.420534,4373,30
NL-HI,HI docs,21.203817,23.385653,27.934725,31.229416,31.60922,30.994072,30.363998,4373,70
NL-HI,NL + HI docs,32.964024,33.604473,34.06282,33.774284,32.526104,31.419302,30.649136,4373,30
NL-HI,NL docs,33.03506,33.614296,33.75497,32.980568,29.620293,23.941925,20.992077,4373,30
NL-ID,ID docs,26.268997,27.672462,30.381893,32.431347,32.573082,31.81141,31.23286,4373,70
NL-ID,NL + ID docs,33.2985,33.77704,34.264618,34.03965,33.206215,32.46151,31.797764,4373,30
NL-ID,NL docs,33.03506,33.348465,33.66591,33.214466,30.985426,27.9288,26.330305,4373,30
NL-JA,JA docs,20.341497,22.897463,27.988115,31.560085,31.912664,31.088251,30.724192,4373,70
NL-JA,NL + JA docs,33.071167,33.594498,33.930798,34.286114,32.81191,31.635494,31.152514,4373,50
NL-JA,NL docs,33.03506,33.489357,33.784004,33.102802,29.310968,23.432592,20.652107,4373,30
NL-PT,NL + PT docs,33.389637,33.886913,34.43809,34.71608,34.48252,33.908104,33.28071,4373,50
NL-PT,NL docs,33.03506,33.451138,33.909313,33.585087,31.37856,28.57485,27.139622,4373,30
NL-PT,PT docs,26.991701,28.430923,31.45227,33.577633,33.99244,33.442127,32.86123,4373,70
NL-RU,NL + RU docs,33.164715,33.90495,34.327126,33.902138,32.72604,31.548122,30.906658,4373,30
NL-RU,NL docs,33.03506,33.664734,33.74069,32.917076,29.688423,25.614077,23.285175,4373,30
NL-RU,RU docs,24.28105,26.076176,29.463242,31.624128,31.702858,30.871445,30.337633,4373,70
NL-VI,NL + VI docs,33.32229,33.738773,33.57654,32.521744,30.82646,29.393188,28.7132,4373,10
NL-VI,NL docs,33.03506,33.426655,33.44077,32.287254,28.077295,23.071825,21.06315,4373,30
NL-VI,VI docs,23.609772,25.12379,28.467588,30.414904,30.155697,28.985235,28.347124,4373,50
NL-ZH,NL + ZH docs,33.03652,33.38651,33.50512,32.729767,31.160244,29.81842,29.290451,4373,30
NL-ZH,NL docs,33.03506,33.421772,33.45543,32.540134,28.08769,21.40615,18.495169,4373,30
NL-ZH,ZH docs,19.78087,22.267702,26.928507,30.506924,30.423815,29.453806,28.94577,4373,50
PT-RU,PT + RU docs,33.161118,33.644554,34.242886,33.901005,32.902252,31.71974,30.908909,4373,30
PT-RU,PT docs,32.86123,33.221573,33.86181,33.31274,30.380941,25.952864,23.911442,4373,30
PT-RU,RU docs,24.723448,26.407433,29.893085,31.94794,31.856487,30.943424,30.337633,4373,50
PT-VI,PT + VI docs,32.957466,33.485115,33.750084,32.76699,30.918785,29.338148,28.766819,4373,30
PT-VI,PT docs,32.86123,33.31774,33.54057,32.22572,28.896582,23.54046,21.313978,4373,30
PT-VI,VI docs,23.355556,24.940136,27.997076,29.925257,29.922915,28.821642,28.347124,4373,50
RU-VI,RU + VI docs,30.769384,31.246756,31.8518,31.473202,30.100304,29.167868,28.489277,4373,30
RU-VI,RU docs,30.337633,30.81063,31.164286,30.184835,26.478207,21.192158,18.872286,4373,30
RU-VI,VI docs,20.481253,22.434143,26.740444,29.536774,29.646252,28.862913,28.347124,4373,70
ZH-PT,PT docs,18.687517,21.632713,28.06352,32.128757,33.6843,33.304283,32.86123,4373,70
ZH-PT,ZH + PT docs,29.305826,29.896124,31.194168,32.45798,33.609074,33.35633,32.990948,4373,70
ZH-PT,ZH docs,28.94577,29.50571,30.498379,30.177631,27.174046,22.102888,20.004045,4373,30
ZH-RU,RU docs,18.089897,20.656502,27.028448,30.84201,31.417517,30.656635,30.337633,4373,70
ZH-RU,ZH + RU docs,29.112064,29.701572,30.57536,31.511688,31.92559,31.084099,30.646463,4373,70
ZH-RU,ZH docs,28.94577,29.503355,30.196882,29.795975,26.213594,21.11226,18.673897,4373,30
ZH-VI,VI docs,18.393314,20.680696,25.793928,29.129808,29.518345,28.792366,28.347124,4373,70
ZH-VI,ZH + VI docs,29.243662,29.685963,30.618433,30.765858,29.799892,29.212276,28.699318,4373,50
ZH-VI,ZH docs,28.94577,29.365545,30.02652,29.444399,25.29846,19.921652,17.745079,4373,30
