case_id,qid,set,metric_source,ndcg10_end,ndcg10_mix,delta_ndcg10,recall10_end,recall10_mix,delta_recall10,first_rel_rank50_end,first_rel_rank50_mix,overlap10,overlap50,best_rel_rank_shift,token_count_a,token_count_b,len_ratio,endpoint_cos,r,delta_perp,cos_to_a,cos_to_b,doc_lang_mismatch_rate10_end,doc_lang_mismatch_rate10_mix,ascii_ratio10_end,ascii_ratio10_mix,label,text_a,text_b
CASE_0247,1006509,best,evaluate_perquery,0.0,100.0,100.0,0.0,100.0,100.0,19,1,1,21,-18.0,9,9,1.0,0.7138553857803345,0.5,1.3654877228930218e-08,0.9257039026163282,0.9257039026163282,0.0,0.0,0.03573671926111532,0.1821918475417139,Unclassified,when did moody blues do days of future past,متى كانت موسيقى البلوز المزاجية تفعل أيام المستقبل الماضي
CASE_0247,1029772,best,evaluate_perquery,0.0,100.0,100.0,0.0,100.0,100.0,inf,1,2,19,-9998.0,8,8,1.0,0.5482740729018494,0.5,1.8702829507333263e-08,0.8798505674546858,0.8798506270593347,0.0,0.0,0.12868585412092842,0.24975819032645732,Unclassified,what is the zip code in arrowhead lakes,ما هو الرمز البريدي في بحيرات رأس السهم
CASE_0247,1039346,best,evaluate_perquery,0.0,100.0,100.0,0.0,100.0,100.0,inf,1,0,15,-9998.0,9,5,1.8,0.5307937860488892,0.5000000317582349,6.731705326501469e-08,0.8748695145170167,0.874869650776495,0.0,0.0,0.015800119387787682,0.14439793213662475,TranslationDivergence,who is the author of lamb to the slaughter,من هو صاحب الضأن للذبح
CASE_0247,1095542,best,evaluate_perquery,0.0,100.0,100.0,0.0,100.0,100.0,30,1,3,23,-29.0,9,6,1.5,0.6980137825012207,0.500000049343855,6.215804404519076e-08,0.9214157123552361,0.9214157123552361,0.0,0.0,0.0,0.016363636363636365,Unclassified,how much rain does phoenix get in a year,كم تمطر طائر الفينيق في السنة
CASE_0247,1098102,best,evaluate_perquery,0.0,100.0,100.0,0.0,100.0,100.0,11,1,7,40,-10.0,9,8,1.125,0.9102559685707092,0.5,7.287473735573258e-09,0.9773065344139066,0.977306473425214,0.0,0.0,0.01316392585742431,0.03610764880114725,Unclassified,how long does priority mail take to get delivered,كم من الوقت يستغرق تسليم البريد ذي الأولوية
CASE_0247,1098725,best,evaluate_perquery,0.0,100.0,100.0,0.0,100.0,100.0,46,1,6,32,-45.0,7,5,1.4,0.6367143392562866,0.5,1.506375646442848e-08,0.9046309626485535,0.9046309626485535,0.0,0.0,0.0,0.012169312169312168,Unclassified,how long are the days on venus,كم هي الأيام على الزهرة
CASE_0247,1100218,best,evaluate_perquery,0.0,100.0,100.0,0.0,100.0,100.0,15,1,0,16,-14.0,8,6,1.3333333333333333,0.6261084079742432,0.5,1.7422118858689828e-08,0.9016951751841874,0.9016951090813121,0.0,0.0,0.0025400493517684385,0.040030295722472076,Unclassified,are garbanzo beans a good source of fiber?,هل حبوب الحمص مصدر جيد للألياف؟
CASE_0247,21765,best,evaluate_perquery,0.0,100.0,100.0,0.0,100.0,100.0,17,1,4,26,-16.0,6,6,1.0,0.687394540750655,0.5,1.554863793273853e-08,0.9185300759086055,0.9185299514126035,0.0,0.0,0.003947368421052632,0.007878787878787877,Unclassified,are comic books considered a genre,هي الكتب المصورة تعتبر نوعًا
CASE_0247,661945,best,evaluate_perquery,0.0,100.0,100.0,0.0,100.0,100.0,45,1,3,27,-44.0,9,11,0.8181818181818182,0.8373390935265478,0.4999999541956257,4.744941861645202e-08,0.9584725599328379,0.9584724381410753,0.0,0.0,0.0,0.007794954981634299,Unclassified,what foods to avoid to increase your bad ldl,ما هي الأطعمة التي يجب تجنبها لزيادة سوء التغذية الخاصة بك
CASE_0247,686260,best,evaluate_perquery,0.0,100.0,100.0,0.0,100.0,100.0,inf,1,1,17,-9998.0,7,6,1.1666666666666667,0.5698727369308472,0.4999999653563899,5.428650950989322e-08,0.8859664012140972,0.8859662666612577,0.0,0.0,0.015687315032146137,0.029932297713073947,Unclassified,what is a ham hock in cooking,ما هو لحم الخنزير في الطبخ
CASE_0247,694560,best,evaluate_perquery,0.0,100.0,100.0,0.0,100.0,100.0,45,1,3,14,-44.0,7,6,1.1666666666666667,0.5123371481895447,0.5,1.9919610849683522e-08,0.8695795580324083,0.8695795580324083,0.0,0.0,0.01579511992061683,0.03953827012978821,Unclassified,what is a phalanx in ancient greece?,ما هو كتيبة في اليونان القديمة؟
CASE_0247,801907,best,evaluate_perquery,0.0,100.0,100.0,0.0,100.0,100.0,inf,1,3,21,-9998.0,9,8,1.125,0.6097632646560669,0.5,1.602786348087193e-08,0.8971519651718024,0.8971520316094276,0.0,0.0,0.03573129408187912,0.07007732471619782,Unclassified,what is table associated for draw originals in sap,ما هو الجدول المرتبط برسم أصول في النسغ
CASE_0247,842272,best,evaluate_perquery,0.0,100.0,100.0,0.0,100.0,100.0,36,1,6,33,-35.0,8,8,1.0,0.6631730794906616,0.5000000442398048,6.1264309181297e-08,0.9119137104507485,0.9119137104507485,0.0,0.0,0.0,0.0,Unclassified,what is the purpose of buttermilk in baking,ما هو الغرض من اللبن الرائب في الخبز
CASE_0247,927196,best,evaluate_perquery,0.0,100.0,100.0,0.0,100.0,100.0,33,1,1,10,-32.0,12,11,1.0909090909090908,0.7201024127067573,0.5,1.5005840126036674e-08,0.9273894769153722,0.9273895365200269,0.0,0.0,0.027879151762167587,0.05812856712612994,Unclassified,what year did they start to require act exam for college admissions,في أي عام بدأوا في طلب امتحان قانون للقبول في الكلية
CASE_0247,952452,best,evaluate_perquery,0.0,100.0,100.0,0.0,100.0,100.0,14,1,8,32,-13.0,8,6,1.3333333333333333,0.8248634830035855,0.5,1.226224899397721e-08,0.9552130026235176,0.9552129430188658,0.0,0.0,0.007513548268577202,0.026476511231540167,Unclassified,when is the best time to take priligy?,ما هو أفضل وقت لأخذ بريليجي؟
CASE_0247,953355,best,evaluate_perquery,0.0,100.0,100.0,0.0,100.0,100.0,inf,1,1,17,-9998.0,8,6,1.3333333333333333,0.6268641726293667,0.5,1.6214464437780407e-08,0.9019047680099903,0.9019047615271188,0.0,0.0,0.015315315315315315,0.06703769454198638,Unclassified,when is the rib cook off in reno,متى يتم طهي الضلع في رينو
CASE_0247,991138,best,evaluate_perquery,0.0,100.0,100.0,0.0,100.0,100.0,25,1,5,32,-24.0,6,6,1.0,0.7075029015541077,0.5,1.535899407656416e-08,0.9239866710755812,0.9239866710755812,0.0,0.0,0.052059794774091485,0.10761257160563416,Unclassified,where is punta cana eden resort,أين هو منتجع بونتا كانا إيدن
CASE_0247,808716,best,evaluate_perquery,31.546487678572877,100.0,68.45351232142713,100.0,100.0,0.0,8,1,9,28,-7.0,7,6,1.1666666666666667,0.7739737629890442,0.5,1.3638615570243928e-08,0.9417997719099943,0.9417998351980092,0.0,0.0,0.014805876925260841,0.014805876925260841,Unclassified,what is the best treatment for melanoma,ما هو أفضل علاج لسرطان الجلد
CASE_0247,160312,best,evaluate_perquery,35.620718710802215,100.0,64.37928128919779,100.0,100.0,0.0,6,1,8,45,-5.0,13,11,1.1818181818181819,0.8795733451843262,0.5,9.363928299421787e-09,0.9694259237842168,0.9694259852686893,0.0,0.0,0.008753492203049062,0.008864390158774603,Unclassified,do you have to be a us citizen to be a police officer,هل يجب أن تكون مواطنًا أمريكيًا لتكون ضابط شرطة
CASE_0247,1010524,best,evaluate_perquery,0.0,63.092975357145754,63.092975357145754,0.0,100.0,100.0,44,2,4,24,-42.0,13,10,1.3,0.6618180678107658,0.499999955937435,4.991917634811216e-08,0.9115420493708879,0.9115420378025703,0.0,0.0,0.09277945428936878,0.11597147109503318,Unclassified,what year did the song vehicle by the ides of march come out,في أي سنة خرجت عربة الأغنية من قبل مقدمة المسيرة
CASE_0247,1084555,best,evaluate_perquery,0.0,63.092975357145754,63.092975357145754,0.0,100.0,100.0,43,2,5,26,-41.0,7,5,1.4,0.6560471653938293,0.5,1.4398838565909955e-08,0.9099580508041037,0.9099581163067363,0.0,0.0,0.004694835680751174,0.017199411418360077,Unclassified,what does a bank lockbox clerk do,ماذا يفعل كاتب الخزانة البنك
CASE_0247,1096479,best,evaluate_perquery,0.0,63.092975357145754,63.092975357145754,0.0,100.0,100.0,inf,2,3,31,-9997.0,10,9,1.1111111111111112,0.7483603954315186,0.5,1.3120890152151787e-08,0.9349760411875462,0.9349760411875462,0.0,0.0,0.024131123966401935,0.06564656273950187,Unclassified,average pay for home health care provider in joplin missouri,متوسط ​​الأجر لمقدم الرعاية الصحية المنزلية في جوبلين ميسوري
CASE_0247,1097223,best,evaluate_perquery,0.0,63.092975357145754,63.092975357145754,0.0,100.0,100.0,45,2,0,6,-43.0,7,7,1.0,0.6331188082695007,0.5,1.5985396117912387e-08,0.9036368106110422,0.9036367446501962,0.0,0.0,0.12245505923825979,0.08728506187677881,Unclassified,how many digits account number wells fargo,كم عدد الأرقام حساب رقم الآبار فارجو
CASE_0247,1099340,best,evaluate_perquery,0.0,63.092975357145754,63.092975357145754,0.0,100.0,100.0,11,2,5,20,-9.0,10,6,1.6666666666666667,0.821605384349823,0.5,1.1717427916835277e-08,0.9543598691965232,0.9543598067414167,0.0,0.0,0.007325026440245986,0.034501577011373706,TranslationDivergence,how do you call a rapid response in the hospital?,كيف تسمعون استجابة سريعة في المستشفى؟
CASE_0247,169305,best,evaluate_perquery,0.0,63.092975357145754,63.092975357145754,0.0,100.0,100.0,17,2,5,31,-15.0,6,7,0.8571428571428571,0.8494212627410889,0.5,1.1270850919231634e-08,0.9616187303690024,0.9616187923526552,0.0,0.0,0.00932730560578662,0.058830242887411933,Unclassified,does motion sensor device have camera,هل يحتوي جهاز استشعار الحركة على كاميرا
CASE_0247,231109,best,evaluate_perquery,0.0,63.092975357145754,63.092975357145754,0.0,100.0,100.0,24,2,6,34,-22.0,10,9,1.1111111111111112,0.7528762817382812,0.5,1.3718497449133338e-08,0.9361827620850932,0.9361827620850932,0.0,0.0,0.09961711592589395,0.20263634751683163,Unclassified,how far is grand hyatt denver to the convention center?,كم يبعد فندق جراند حياة دنفر عن مركز المؤتمرات؟
CASE_0247,250636,best,evaluate_perquery,0.0,63.092975357145754,63.092975357145754,0.0,100.0,100.0,20,2,3,18,-18.0,8,7,1.1428571428571428,0.6840389778637277,0.5,1.3434759971175936e-08,0.9176162146727219,0.9176161550680755,0.0,0.0,0.01080544882658709,0.04020422417562106,Unclassified,how long does an average runner run 10kn,كم يبلغ متوسط ​​طول العداء 10kn
CASE_0247,277701,best,evaluate_perquery,0.0,63.092975357145754,63.092975357145754,0.0,100.0,100.0,inf,2,5,23,-9997.0,8,10,0.8,0.6544150114059448,0.5,1.6513878264845516e-08,0.9095093674974792,0.9095094985673409,0.0,0.0,0.0,0.0227512464570864,Unclassified,how many calories in publix chicken tender subway,كم عدد السعرات الحرارية في صب واي دجاج تندر بوبليكس
CASE_0247,665972,best,evaluate_perquery,0.0,63.092975357145754,63.092975357145754,0.0,100.0,100.0,12,2,6,34,-10.0,7,6,1.1666666666666667,0.7861090771024869,0.5,1.4443477525105664e-08,0.9450155884080019,0.9450155918760148,0.0,0.0,0.01309725516773975,0.01612755819804278,Unclassified,what happens if water sits your lungs,ماذا يحدث إذا تملأ الماء رئتيك
CASE_0247,786157,best,evaluate_perquery,0.0,63.092975357145754,63.092975357145754,0.0,100.0,100.0,23,2,0,9,-21.0,8,6,1.3333333333333333,0.6379729509353638,0.5,1.936172644434464e-08,0.9049787384238304,0.9049787384238304,0.0,0.0,0.038108285211481976,0.04590958524718529,Unclassified,what is pre licensing course for real estate,ما هي دورة الترخيص المسبق للعقار
CASE_0247,828588,best,evaluate_perquery,0.0,63.092975357145754,63.092975357145754,0.0,100.0,100.0,11,2,7,24,-9.0,7,5,1.4,0.6890519261360168,0.5,1.4234362133436207e-08,0.9189808860352439,0.9189808860352439,0.0,0.0,0.09289793959800619,0.10311861323331395,Unclassified,what is the literal meaning of linguini,ما هو المعنى الحرفي لللينجويني
CASE_0247,830040,best,evaluate_perquery,0.0,63.092975357145754,63.092975357145754,0.0,100.0,100.0,inf,2,3,39,-9997.0,10,6,1.6666666666666667,0.6852459907531738,0.5,1.65887996672609e-08,0.9179450021333638,0.9179450021333638,0.0,0.0,0.0417895631825778,0.108290126216913,TranslationDivergence,what is the mathematical formula for volume of a cylinder,ما هي الصيغة الرياضية لحجم الاسطوانة
CASE_0247,872081,best,evaluate_perquery,0.0,63.092975357145754,63.092975357145754,0.0,100.0,100.0,inf,2,4,14,-9997.0,9,10,0.9,0.520304889697128,0.5,1.8048693206651478e-08,0.8718672030443472,0.8718672118040637,0.0,0.0,0.09152122697675141,0.11319889078430442,Unclassified,what language do the minions speak in despicable me,ما هي اللغة التي يتحدث بها التوابع في حقير لي
CASE_0247,1087185,best,evaluate_perquery,38.68528072345416,100.0,61.31471927654584,100.0,100.0,0.0,5,1,8,26,-4.0,7,5,1.4,0.7612419724464417,0.5,1.4145060234227458e-08,0.938414091739856,0.938414091739856,0.0,0.0,0.006006460730870179,0.001282051282051282,Unclassified,what are the advantage of trash energy,ما هي ميزة طاقة النفايات
CASE_0247,697983,best,evaluate_perquery,38.68528072345416,100.0,61.31471927654584,100.0,100.0,0.0,5,1,4,28,-4.0,9,5,1.8,0.7600206136703491,0.5,1.346664735280001e-08,0.9380886316148633,0.9380886951532593,0.0,0.0,0.03964412672370014,0.0,TranslationDivergence,what is a resolution by its board of directors,ما هو قرار مجلس إدارتها
CASE_0247,820161,best,evaluate_perquery,0.0,61.31471927654584,61.31471927654584,0.0,50.0,50.0,44,1,4,36,-43.0,9,7,1.2857142857142858,0.7806099653244019,0.50000003396041,5.502547040237005e-08,0.9435598366550739,0.9435597734850971,0.0,0.0,0.024279837278083565,0.10106997872881447,Unclassified,what is the elevation of white pass in washington,ما هو ارتفاع الممر الأبيض في واشنطن
CASE_0247,912961,best,evaluate_perquery,0.0,61.31471927654584,61.31471927654584,0.0,50.0,50.0,14,1,6,31,-13.0,7,6,1.1666666666666667,0.7423608899116516,0.5,1.5104635764373597e-08,0.9333704485203034,0.9333704485203034,0.0,0.0,0.04538108441272391,0.14332274629823433,Unclassified,what type of insurance is humana supplemental,ما هو نوع التأمين الإنساني التكميلي
CASE_0247,942651,best,evaluate_perquery,38.68528072345416,100.0,61.31471927654584,100.0,100.0,0.0,5,1,8,43,-4.0,9,8,1.125,0.8242313161034176,0.5000000423885579,5.053846763303227e-08,0.9550474704044851,0.9550474732099788,0.0,0.0,0.004237891737891738,0.004237891737891738,Unclassified,when did they start putting seat belts in cars,متى بدأوا في وضع أحزمة المقاعد في السيارات
CASE_0247,1053901,best,evaluate_perquery,43.06765580733931,100.0,56.93234419266069,100.0,100.0,0.0,4,1,6,17,-3.0,6,5,1.2,0.7222378849983215,0.5,1.495713242150032e-08,0.9279649357286057,0.9279649357286057,0.0,0.0,0.022783511992946367,0.07026635794921429,Unclassified,what is hydroxyz pam used for,ما هو هيدروكسيز بام المستخدمة
CASE_0247,1065227,best,evaluate_perquery,43.06765580733931,100.0,56.93234419266069,100.0,100.0,0.0,4,1,6,45,-3.0,7,6,1.1666666666666667,0.7084485292434692,0.5,1.4451568830509132e-08,0.9242425796053286,0.9242425796053286,0.0,0.0,0.003825136612021858,0.026642034566534488,Unclassified,why do neptune and uranus appear blue,لماذا يظهر نبتون وأورانوس باللون الأزرق
CASE_0247,1097066,best,evaluate_perquery,43.06765580733931,100.0,56.93234419266069,100.0,100.0,0.0,4,1,4,28,-3.0,10,10,1.0,0.7338073253631592,0.5000000559788552,5.7082019111476257e-08,0.9310766434116711,0.9310766434116711,0.0,0.0,0.1508490368133421,0.15134805980932792,Unclassified,how many homes in heritage oak park port charlotte fl,كم عدد المنازل في التراث البلوطي بارك بورت شارلوت فلوريدا
CASE_0247,231877,best,evaluate_perquery,43.06765580733931,100.0,56.93234419266069,100.0,100.0,0.0,4,1,7,27,-3.0,9,6,1.5,0.6702492833137512,0.5,1.6031112437531192e-08,0.9138514931464722,0.9138515583700243,0.0,0.0,0.06441230464148276,0.1215482621396716,Unclassified,how far is niagara on the lake to hamilton,كم تبعد نياجرا على البحيرة لهاملتون
CASE_0247,264827,best,evaluate_perquery,43.06765580733931,100.0,56.93234419266069,100.0,100.0,0.0,4,1,8,23,-3.0,9,8,1.125,0.6579680238943114,0.5,1.4111246393611054e-08,0.9104855685089779,0.9104856281136229,0.0,0.0,0.010870634530250861,0.010870634530250861,Unclassified,how long is the flight from chicago to cairo,ما هي مدة الرحلة من القاهرة إلى القاهرة
CASE_0247,898631,best,evaluate_perquery,43.06765580733931,100.0,56.93234419266069,100.0,100.0,0.0,4,1,6,35,-3.0,9,10,0.9,0.7620531320571899,0.5,1.361088752815931e-08,0.9386302713664132,0.9386302078646773,0.0,0.0,0.2016289217585304,0.28964322955783905,Unclassified,"what station is near river street in hoboken, nj",ما هي المحطة القريبة من شارع النهر في هوبوكين ، نيوجيرسي
CASE_0247,1006791,best,evaluate_perquery,0.0,50.0,50.0,0.0,100.0,100.0,inf,3,1,22,-9996.0,6,5,1.2,0.5344178995143115,0.5,1.9733105816044372e-08,0.8759047231685414,0.8759046466747056,0.0,0.0,0.03282681799075242,0.013974860750851251,Unclassified,when did hhs secretary price resign,متى استقال سكرتير سمو السكرتير
CASE_0247,1011140,best,evaluate_perquery,50.0,100.0,50.0,100.0,100.0,0.0,3,1,3,14,-2.0,8,7,1.1428571428571428,0.5455615845657339,0.5,1.7577653110834035e-08,0.879079489198466,0.8790795488031127,0.0,0.0,0.04100822900282179,0.04946143042918194,Unclassified,what wire is used to mig mild steel,ما هو السلك المستخدم لترحيل الفولاذ الطري
CASE_0247,1020907,best,evaluate_perquery,50.0,100.0,50.0,100.0,100.0,0.0,3,1,8,42,-2.0,7,6,1.1666666666666667,0.8982875882558577,0.5,7.481722796853774e-09,0.9742401301532772,0.9742401317292827,0.0,0.0,0.0,0.007575757575757576,Unclassified,what should i eat to lower cholesterol,ماذا يجب أن آكل لخفض الكوليسترول
CASE_0247,1048876,best,evaluate_perquery,50.0,100.0,50.0,100.0,100.0,0.0,3,1,8,38,-2.0,7,8,0.875,0.8338242571144411,0.5,1.2658166959056416e-08,0.9575552886002469,0.957555407809558,0.0,0.0,0.13595585459453347,0.2254154081863974,Unclassified,who plays young dr mallard on ncis,الذي يلعب دور الشاب الدكتور مالارد على ncis
CASE_0247,1055717,best,evaluate_perquery,0.0,50.0,50.0,0.0,100.0,100.0,inf,3,1,17,-9996.0,6,7,0.8571428571428571,0.5944092273712158,0.5000000367393962,6.430389731804098e-08,0.8928631557332235,0.8928632892467289,0.0,0.0,0.08947528470371977,0.09983733528258723,Unclassified,what is epic database for healthcare,ما هي قاعدة البيانات الملحمية للرعاية الصحية
CASE_0247,1058425,best,evaluate_perquery,50.0,100.0,50.0,100.0,100.0,0.0,3,1,6,33,-2.0,7,6,1.1666666666666667,0.8241764798269557,0.5,1.2626769851920017e-08,0.9550330666383071,0.9550331318558177,0.0,0.0,0.01818181818181818,0.1347167212539433,Unclassified,who wrote just one look at you,الذي كتب لك نظرة واحدة فقط
CASE_0247,1067640,best,evaluate_perquery,0.0,50.0,50.0,0.0,100.0,100.0,18,3,7,32,-15.0,7,7,1.0,0.7477703540188285,0.5,1.201152866059374e-08,0.9348182855684013,0.9348183534851076,0.0,0.0,0.009270728091443322,0.03200624081124513,Unclassified,what is a signal transduction pathway example,ما هو مثال على مسار تحويل الإشارة
CASE_0247,1096527,best,evaluate_perquery,0.0,50.0,50.0,0.0,100.0,100.0,inf,3,3,18,-9996.0,8,8,1.0,0.6474936394389653,0.5,1.6168035799069003e-08,0.9076050279882872,0.90760496838364,0.0,0.0,0.02253323457175159,0.0026143790849673205,Unclassified,how many weeks should you give puppies away,كم عدد الأسابيع التي يجب أن تعطيها الجراء
CASE_0247,300312,best,evaluate_perquery,0.0,50.0,50.0,0.0,100.0,100.0,24,3,3,39,-21.0,7,7,1.0,0.7916126251220703,0.5,1.225333434717868e-08,0.9464703344431962,0.9464704603946096,0.0,0.0,0.0,0.026716192113283667,Unclassified,how many words one page double spaced,كم عدد الكلمات في صفحة واحدة متباعدة
CASE_0247,300674,best,evaluate_perquery,50.0,100.0,50.0,100.0,100.0,0.0,3,1,10,44,-2.0,12,8,1.5,0.8075511936873909,0.5,1.2211589073274354e-08,0.9506711573082584,0.9506711604010505,0.0,0.0,0.04307129303334237,0.04307129303334237,Unclassified,how many years did william bradford serve as governor of plymouth colony?,كم سنة عمل ويليام برادفورد حاكما لمستعمرة بليموث؟
CASE_0247,333486,best,evaluate_perquery,50.0,100.0,50.0,100.0,100.0,0.0,3,1,7,31,-2.0,13,10,1.3,0.7997583031510296,0.5,1.1940411326349931e-08,0.9486196085803782,0.948619668185027,0.0,0.0,0.008781301544459438,0.0037037037037037034,Unclassified,how old do you have to be to get a job in idaho,كم يجب أن يكون عمرك للحصول على وظيفة في ايداهو
CASE_0247,415500,best,evaluate_perquery,0.0,50.0,50.0,0.0,100.0,100.0,inf,3,3,17,-9996.0,5,4,1.25,0.6686069965362549,0.5,1.5060212632533876e-08,0.9134022424186977,0.9134021119074184,0.0,0.0,0.0047746017871920995,0.06053384774507351,Unclassified,is keppra medication a barbiturate?,هو دواء كيبرا الباربيتورات؟
CASE_0247,577167,best,evaluate_perquery,0.0,50.0,50.0,0.0,100.0,100.0,13,3,5,31,-10.0,9,7,1.2857142857142858,0.8675464233811406,0.5,9.947380696928576e-09,0.9663194537824352,0.9663194537824352,0.0,0.0,0.0069767441860465115,0.003783783783783784,Unclassified,what are you supposed to wear to a wake,ما الذي من المفترض أن ترتديه للاستيقاظ
CASE_0247,670022,best,evaluate_perquery,0.0,50.0,50.0,0.0,100.0,100.0,33,3,4,33,-30.0,9,7,1.2857142857142858,0.8123306035995483,0.5,1.1248997289214913e-08,0.9519271179801396,0.9519271179801396,0.0,0.0,0.015901204327413758,0.0026960043522940213,Unclassified,what identification is needed to open a bank account,ما هو التعريف المطلوب لفتح حساب مصرفي
CASE_0247,711682,best,evaluate_perquery,0.0,50.0,50.0,0.0,100.0,100.0,30,3,2,28,-27.0,8,7,1.1428571428571428,0.5431579675172548,0.5,1.819126715929542e-08,0.8783956798905397,0.8783956202858988,0.0,0.0,0.015580822995454052,0.05787104293701356,Unclassified,what is an analyzer in clinical laboratory scientist,ما هو محلل في عالم المختبرات السريرية
CASE_0247,723781,best,evaluate_perquery,50.0,100.0,50.0,100.0,100.0,0.0,3,1,6,35,-2.0,7,6,1.1666666666666667,0.7103177309036255,0.5,1.5053968738243384e-08,0.924748063078512,0.9247479986234988,0.0,0.0,0.011408468111066595,0.032080829500269345,Unclassified,what is bicarbonate in a blood test,ما هي البيكربونات في فحص الدم
CASE_0247,837740,best,evaluate_perquery,0.0,50.0,50.0,0.0,100.0,100.0,inf,3,0,5,-9996.0,7,5,1.4,0.48496097326278687,0.5,1.8199367346483086e-08,0.8616730661054602,0.8616729969323091,0.0,0.0,0.012576883134184879,0.08621480218712871,TranslationDivergence,what is the ops stat for baseball,ما هو قانون العمليات للبيسبول
CASE_0247,935362,best,evaluate_perquery,50.0,100.0,50.0,100.0,100.0,0.0,3,1,6,28,-2.0,9,5,1.8,0.765471339225769,0.5,1.381104830500135e-08,0.9395401268347867,0.9395401268347867,0.0,0.0,0.05291322024497465,0.09962390257720818,TranslationDivergence,when and where does the glass castle take place,متى وأين تحدث القلعة الزجاجية
CASE_0247,939744,best,evaluate_perquery,50.0,100.0,50.0,100.0,100.0,0.0,3,1,9,45,-2.0,6,5,1.2,0.8477756977081299,0.5,1.1064815730321698e-08,0.9611908789387841,0.9611908789387841,0.0,0.0,0.12267321126214017,0.12516599385152502,Unclassified,when did metallica release first album,متى أصدرت ميتاليكا ألبومها الأول
CASE_0247,961097,best,evaluate_perquery,0.0,50.0,50.0,0.0,100.0,100.0,inf,3,4,26,-9996.0,6,8,0.75,0.7560573816299438,0.5,1.3373457896648233e-08,0.9370319015855822,0.9370318379755312,0.0,0.0,0.014583820364233788,0.044102921687522015,Unclassified,when was the first nba game?,متى كانت أول مباراة في الدوري الاميركي للمحترفين؟
CASE_0247,994085,best,evaluate_perquery,50.0,100.0,50.0,100.0,100.0,0.0,3,1,6,27,-2.0,13,12,1.0833333333333333,0.6984506845474243,0.5,1.4503054757142309e-08,0.9215342254099874,0.9215342900897814,0.0,0.0,0.011455979332580444,0.008853569694026227,Unclassified,which law says elastic limits strain produced is proportional to the stress called,الذي يقول القانون إن إجهاد الحد المرن الناتج يتناسب مع الإجهاد المسمى
CASE_0247,997713,best,evaluate_perquery,50.0,100.0,50.0,100.0,100.0,0.0,3,1,9,40,-2.0,10,9,1.1111111111111112,0.8388706253612787,0.5,1.2012128181027037e-08,0.9588718981550549,0.9588718930419082,0.0,0.0,0.14911380468064594,0.17734830602835486,Unclassified,"where is the animal foundation located in las vegas, nv",أين هي مؤسسة الحيوانات الموجودة في لاس فيجاس ، نيفادا
CASE_0247,998093,best,evaluate_perquery,0.0,50.0,50.0,0.0,100.0,100.0,inf,3,1,11,-9996.0,7,6,1.1666666666666667,0.5761171579360962,0.5,1.760473899992121e-08,0.8877266656017784,0.8877265984587589,0.0,0.0,0.1586936622845647,0.22306165563657537,Unclassified,where is the trailer park boys set,أين هي مجموعة الأولاد حديقة مقطورة
CASE_0247,998641,best,evaluate_perquery,50.0,100.0,50.0,100.0,100.0,0.0,3,1,6,22,-2.0,9,9,1.0,0.5771250472739367,0.5,1.954746409182917e-08,0.8880104167302924,0.8880104913687711,0.0,0.0,0.21066989075182735,0.26698735696164555,Unclassified,where is long john silver located in goldsboro nc,أين لونج جون الفضي الموجود في غولدسبورو إن سي
CASE_0247,1017830,best,evaluate_perquery,0.0,43.06765580733931,43.06765580733931,0.0,100.0,100.0,14,4,4,38,-10.0,9,8,1.125,0.7974358797073364,0.5,1.1336903860126313e-08,0.9480072996257448,0.9480072996257448,0.0,0.0,0.00784313725490196,0.07301040101009579,Unclassified,what time of year to put out bermuda seed,في أي وقت من السنة لوضع بذور برمودا
CASE_0247,1035078,best,evaluate_perquery,0.0,43.06765580733931,43.06765580733931,0.0,100.0,100.0,31,4,6,35,-27.0,8,5,1.6,0.8005029559135437,0.5,1.1461737337015165e-08,0.948815867436656,0.9488158046166194,0.0,0.0,0.001020408163265306,0.023654645271186624,TranslationDivergence,what is the number of protons for tungsten,ما هو عدد البروتونات للتنغستن
CASE_0247,1059045,best,evaluate_perquery,0.0,43.06765580733931,43.06765580733931,0.0,100.0,100.0,30,4,8,33,-26.0,6,5,1.2,0.5852557420730591,0.5,1.8044469030087384e-08,0.8902964959388278,0.8902964959388278,0.0,0.0,0.04266666666666667,0.0363859649122807,Unclassified,what is cameroon most important resource,ما هو أهم مورد الكاميرون
CASE_0247,288702,best,evaluate_perquery,0.0,43.06765580733931,43.06765580733931,0.0,100.0,100.0,inf,4,6,31,-9995.0,8,7,1.1428571428571428,0.6692604225433124,0.5,1.4572157702730237e-08,0.9135809831109682,0.9135810539920645,0.0,0.0,0.06412106229974572,0.10343585010917108,Unclassified,how many miles between mobile and destin beach,كم ميلا بين شاطئ المحمول وشاطئ دستين
CASE_0247,569473,best,evaluate_perquery,0.0,43.06765580733931,43.06765580733931,0.0,100.0,100.0,14,4,6,35,-10.0,7,5,1.4,0.6821407675743103,0.5,1.753258871417529e-08,0.9170988837065955,0.9170988837065955,0.0,0.0,0.0,0.0,Unclassified,what are the effects of sediment transport,ما هي تأثيرات نقل الرواسب
CASE_0247,66161,best,evaluate_perquery,0.0,43.06765580733931,43.06765580733931,0.0,100.0,100.0,12,4,7,15,-8.0,10,9,1.1111111111111112,0.5973310470581055,0.5,1.7986543809911382e-08,0.8936808987001481,0.8936808987001481,0.0,0.0,0.03666996447281937,0.08681403259655437,Unclassified,can cuisinart electric pressure cooker be used as a canner,يمكن استخدام قدر الضغط الكهربائي من كويزينارت كمعلّب
CASE_0247,841961,best,evaluate_perquery,0.0,43.06765580733931,43.06765580733931,0.0,100.0,100.0,11,4,5,45,-7.0,8,7,1.1428571428571428,0.6900420784950256,0.5,1.4234629475140537e-08,0.9192502363436184,0.9192503660246161,0.0,0.0,0.0,0.003947368421052632,Unclassified,what is the purpose of a grand jury,ما هو الغرض من هيئة المحلفين الكبرى
CASE_0247,865426,best,evaluate_perquery,0.0,43.06765580733931,43.06765580733931,0.0,100.0,100.0,11,4,8,41,-7.0,10,10,1.0,0.9127465382512258,0.5,8.29152746462114e-09,0.9779434167938215,0.9779434777428032,0.0,0.0,0.022376683756189442,0.023010302691625857,Unclassified,what it means significant amount of protein in upep test,ماذا تعني كمية كبيرة من البروتين في اختبار upep
CASE_0247,939020,best,evaluate_perquery,0.0,43.06765580733931,43.06765580733931,0.0,100.0,100.0,14,4,5,25,-10.0,6,7,0.8571428571428571,0.6754248544827017,0.5000000459097448,6.029429044929202e-08,0.9152663920614337,0.9152663975795181,0.0,0.0,0.11791800882228291,0.17669046898623506,Unclassified,when did ice cube start rapping,متى بدأ مكعبات الثلج في موسيقى الراب
CASE_0247,975775,best,evaluate_perquery,0.0,43.06765580733931,43.06765580733931,0.0,100.0,100.0,11,4,6,37,-7.0,8,5,1.6,0.8315707940799472,0.5000000442356521,5.087968801831266e-08,0.9569668166862428,0.9569667517209494,0.0,0.0,0.0024000000000000002,0.006401559048980122,TranslationDivergence,where in the genes is the disorder located,أين يقع الاضطراب في الجينات
CASE_0247,1005678,best,evaluate_perquery,0.0,38.68528072345416,38.68528072345416,0.0,100.0,100.0,inf,5,3,26,-9994.0,9,6,1.5,0.7498918175697327,0.5,1.4424259120460192e-08,0.9353854327909911,0.935385496513004,0.0,0.0,0.056766790804570456,0.17122898371488243,Unclassified,which artists recorded in the still of the night,الذي سجله الفنانون في هدوء الليل
CASE_0247,1017605,best,evaluate_perquery,0.0,38.68528072345416,38.68528072345416,0.0,100.0,100.0,17,5,5,39,-12.0,6,6,1.0,0.7799907922744751,0.5,1.3620716998730131e-08,0.9433957316962219,0.9433957316962219,0.0,0.0,0.013260885189062457,0.0772464078327955,Unclassified,what time zone is tallahassee florida,ما هي المنطقة الزمنية تالاهاسي فلوريدا
CASE_0247,1033725,best,evaluate_perquery,0.0,38.68528072345416,38.68528072345416,0.0,100.0,100.0,12,5,6,31,-7.0,6,5,1.2,0.7304219007492065,0.5,1.4880256138383174e-08,0.9301672506979058,0.9301672506979058,0.0,0.0,0.04826598259386822,0.0745807509662071,Unclassified,what is the purpose of ethernet,ما هو الغرض من إيثرنت
CASE_0247,1040793,best,evaluate_perquery,0.0,38.68528072345416,38.68528072345416,0.0,100.0,100.0,18,5,8,41,-13.0,9,7,1.2857142857142858,0.8208180665969849,0.5,1.0037489062142413e-08,0.9541536627844508,0.9541536003158413,0.0,0.0,0.0037209302325581393,0.005506644518272425,Unclassified,what is the difference between banks and credit unions,ما هو الفرق بين البنوك والاتحادات الائتمانية
CASE_0247,1098249,best,evaluate_perquery,0.0,38.68528072345416,38.68528072345416,0.0,100.0,100.0,12,5,5,32,-7.0,11,9,1.2222222222222223,0.7213965918298473,0.5,1.3375704099871655e-08,0.9277382699906661,0.9277382699906661,0.0,0.0,0.004891304347826087,0.020048637407814016,Unclassified,how long does it take for opiates to clear from urine,كم من الوقت يستغرق مسح المواد الأفيونية من البول
CASE_0247,556166,best,evaluate_perquery,0.0,38.68528072345416,38.68528072345416,0.0,100.0,100.0,11,5,6,22,-6.0,7,5,1.4,0.6486270427703857,0.5,1.897953616492032e-08,0.9079171251763192,0.9079171251763192,0.0,0.0,0.015256586162397065,0.05612955908119355,Unclassified,what are cat gut snares made of,مما تصنع أفخاخ أمعاء القطط
CASE_0247,575096,best,evaluate_perquery,0.0,38.68528072345416,38.68528072345416,0.0,100.0,100.0,14,5,5,31,-9.0,9,7,1.2857142857142858,0.7473728361877399,0.5,1.4249141422340017e-08,0.9347119191866632,0.9347119108600922,0.0,0.0,0.0505377927682789,0.006751054852320674,Unclassified,what are the two largest climate regions in canada?,ما هي أكبر منطقتين مناخيتين في كندا؟
CASE_0247,613694,best,evaluate_perquery,0.0,38.68528072345416,38.68528072345416,0.0,100.0,100.0,inf,5,1,7,-9994.0,7,6,1.1666666666666667,0.5018149317392666,0.5,1.9965481712347355e-08,0.8665492158254473,0.866549156220797,0.0,0.0,0.2951869269912598,0.12656781802798361,Unclassified,what county is tinker afb located in,في أي مقاطعة تقع العبث AFB
CASE_0247,765583,best,evaluate_perquery,0.0,38.68528072345416,38.68528072345416,0.0,100.0,100.0,37,5,4,29,-32.0,6,5,1.2,0.6996800303459167,0.5,1.6166646688020592e-08,0.9218677190832006,0.9218677190832006,0.0,0.0,0.05601568323317914,0.06034655637062517,Unclassified,what is liberty of london fabric,ما هي حرية نسيج لندن
CASE_0247,780215,best,evaluate_perquery,0.0,38.68528072345416,38.68528072345416,0.0,100.0,100.0,inf,5,2,36,-9994.0,7,6,1.1666666666666667,0.6736085414886475,0.5,1.536660221290731e-08,0.9147700620858594,0.9147700620858594,0.0,0.0,0.07620709565738173,0.13866782635232106,Unclassified,what is organic stevia in the raw,ما هي ستيفيا العضوية في الخام
CASE_0247,934795,best,evaluate_perquery,0.0,38.68528072345416,38.68528072345416,0.0,100.0,100.0,12,5,3,30,-7.0,10,6,1.6666666666666667,0.8466616868972778,0.5,1.1131901622718487e-08,0.960901034628529,0.9609009725985803,0.0,0.0,0.0026905829596412557,0.009184661148510348,TranslationDivergence,whats the price per square foot to.build a church,كم سعر القدم المربع لبناء كنيسة
CASE_0247,994792,best,evaluate_perquery,0.0,38.68528072345416,38.68528072345416,0.0,100.0,100.0,12,5,8,42,-7.0,6,8,0.75,0.9333583116531372,0.5,6.6693668365758185e-09,0.9831985194356804,0.9831983981892575,0.0,0.0,0.0,0.0,Unclassified,which event nearly caused nuclear war?,أي حدث كاد أن يتسبب في حرب نووية؟
CASE_0247,1087589,best,evaluate_perquery,23.71977127692962,61.31471927654584,37.59494799961622,50.0,50.0,0.0,5,1,6,38,-4.0,7,7,1.0,0.7858144044876099,0.5,1.3631781925482755e-08,0.9449376327118756,0.9449375800536742,0.0,0.0,0.0013043478260869564,0.00928333512410014,Unclassified,what are gases used in neon signs?,ما هي الغازات المستخدمة في لافتات النيون؟
CASE_0247,1000864,best,evaluate_perquery,63.092975357145754,100.0,36.907024642854246,100.0,100.0,0.0,2,1,5,18,-1.0,7,7,1.0,0.7011357902126563,0.500000049859297,6.046050771146838e-08,0.9222623178778928,0.9222623724584431,0.0,0.0,0.11493805176934122,0.15943969686021606,Unclassified,where can i find aztec healing clay,أين يمكنني أن أجد طين شفاء الأزتك
CASE_0247,1007959,best,evaluate_perquery,63.092975357145754,100.0,36.907024642854246,100.0,100.0,0.0,2,1,10,41,-1.0,10,7,1.4285714285714286,0.7384647571125482,0.4999999430242608,5.621789256338161e-08,0.9323263759250829,0.9323264355297354,0.0,0.0,0.0,0.0,Unclassified,whats the difference between a winter storm and a blizzard,ما الفرق بين عاصفة شتوية وعاصفة ثلجية
CASE_0247,1009961,best,evaluate_perquery,63.092975357145754,100.0,36.907024642854246,100.0,100.0,0.0,2,1,6,19,-1.0,8,8,1.0,0.6932881704912389,0.5,1.3477555960150767e-08,0.920132539038818,0.9201326685954628,0.0,0.0,0.03380632535877184,0.044772791884162305,Unclassified,what zone can lambs ear be grown in,في أي منطقة يمكن أن تنمو أذن الحملان
CASE_0247,1025348,best,evaluate_perquery,63.092975357145754,100.0,36.907024642854246,100.0,100.0,0.0,2,1,7,34,-1.0,6,5,1.2,0.7556822299957275,0.5,1.217709311163162e-08,0.9369317822527566,0.9369318458696061,0.0,0.0,0.10976907766069474,0.10547901281898753,Unclassified,who coined the term thagomizer?aaaa,من صاغ مصطلح الثغوميزر؟ aaaa
CASE_0247,1034839,best,evaluate_perquery,63.092975357145754,100.0,36.907024642854246,100.0,100.0,0.0,2,1,5,24,-1.0,13,7,1.8571428571428572,0.5350265502929688,0.5,1.8007588309387756e-08,0.8760783325472937,0.8760783325472937,0.0,0.0,0.045559216011695956,0.0849676576218357,TranslationDivergence,what is the origin of the expression the proof is in the pudding,ما هو أصل التعبير والدليل في البودنج
CASE_0247,1068924,best,evaluate_perquery,63.092975357145754,100.0,36.907024642854246,100.0,100.0,0.0,2,1,8,46,-1.0,11,10,1.1,0.7942095276242213,0.5000000724093666,5.197913210963634e-08,0.9471561345881346,0.9471561941927834,0.0,0.0,0.021524205949079837,0.026712961293114686,Unclassified,why hemorrhagic disease tests due to vitamin k deficiency in infancy,لماذا اختبارات مرض النزف بسبب نقص فيتامين ك في الطفولة
CASE_0247,1079340,best,evaluate_perquery,63.092975357145754,100.0,36.907024642854246,100.0,100.0,0.0,2,1,5,29,-1.0,8,7,1.1428571428571428,0.740425705909729,0.5,1.3718373992333e-08,0.9328519691821303,0.9328520330771993,0.0,0.0,0.0024691358024691358,0.023467974692243633,Unclassified,what happens during a docket call in court,ماذا يحدث خلال استدعاء جدول في المحكمة
CASE_0247,1083663,best,evaluate_perquery,63.092975357145754,100.0,36.907024642854246,100.0,100.0,0.0,2,1,8,37,-1.0,11,6,1.8333333333333333,0.717009425163269,0.5,1.7003115360125776e-08,0.926555311804721,0.9265553761340128,0.0,0.0,0.009216589861751152,0.009216589861751152,TranslationDivergence,what does i mean to wear your heart on your sleeve,ماذا اقصد لبس قلبك على كمك
CASE_0247,1083948,best,evaluate_perquery,63.092975357145754,100.0,36.907024642854246,100.0,100.0,0.0,2,1,5,22,-1.0,6,6,1.0,0.596580183302175,0.5,1.6699209126613823e-08,0.8934707729551102,0.8934708325597596,0.0,0.0,0.006735751295336788,0.019445746731260094,Unclassified,what does dispersal mean in biology,ماذا يعني التشتت في علم الأحياء
CASE_0247,1000000,control,evaluate_perquery,0.0,0.0,0.0,0.0,0.0,0.0,inf,inf,7,40,0.0,6,5,1.2,0.821506608814395,0.5,1.0944123829403907e-08,0.9543340183804138,0.9543339587757617,0.0,0.0,0.0,0.0,Unclassified,where does real insulin come from,من أين يأتي الأنسولين الحقيقي
CASE_0247,1000004,control,evaluate_perquery,0.0,0.0,0.0,0.0,0.0,0.0,15,18,9,46,3.0,6,5,1.2,0.8532282622592605,0.5,1.0247359405468615e-08,0.9626080240090918,0.9626080216937821,0.0,0.0,0.09898628919490993,0.10928931949794023,Unclassified,where does name nora come from,من أين يأتي اسم نورا
CASE_0247,1000006,control,evaluate_perquery,0.0,0.0,0.0,0.0,0.0,0.0,inf,inf,5,26,0.0,9,6,1.5,0.7565978169441223,0.5,1.3294056522283881e-08,0.9371760361310583,0.937176099731327,0.0,0.0,0.01604051826595236,0.0033195020746887966,Unclassified,where does most of the iron ore come from,من أين يأتي معظم خام الحديد
CASE_0247,1000459,control,evaluate_perquery,0.0,0.0,0.0,0.0,0.0,0.0,12,11,6,33,-1.0,9,8,1.125,0.7539186927031691,0.49999996972309957,5.079264653318205e-08,0.9364610960238642,0.9364610364192192,0.0,0.0,0.04582407066617593,0.05735346885318628,Unclassified,where do black widow spiders live in the us?,اين تعيش عناكب الارملة السوداء في الولايات المتحدة؟
CASE_0247,1000574,control,evaluate_perquery,100.0,100.0,0.0,100.0,100.0,0.0,1,1,6,36,0.0,9,7,1.2857142857142858,0.8091418147087097,0.5,1.3047997349246998e-08,0.9510893621592177,0.9510892368194765,0.0,0.0,0.016802621508516247,0.04253729704857226,Unclassified,where did josiah henson create his afro-canadian community,أين أنشأ جوسيا هينسون مجتمعه الأفرو-كندي
CASE_0247,1000678,control,evaluate_perquery,0.0,0.0,0.0,0.0,0.0,0.0,inf,21,1,6,-9978.0,6,5,1.2,0.6198446750640869,0.5000000391975632,6.666089547024967e-08,0.8999568243004679,0.8999568243004679,0.0,0.0,0.03942272872510384,0.010172913212156635,Unclassified,where did captain james cook explore?,أين اكتشف القبطان جيمس طبخ؟
CASE_0247,1000951,control,evaluate_perquery,0.0,0.0,0.0,0.0,0.0,0.0,32,inf,8,34,9967.0,8,7,1.1428571428571428,0.7720973491668701,0.5,1.0759141133576122e-08,0.9413016497788179,0.9413015864573004,0.0,0.0,0.04479727108575575,0.050894505697709355,Unclassified,where on the map is macedonia located number,حيث يوجد رقم موقع مقدونيا على الخريطة
CASE_0247,1000959,control,evaluate_perquery,0.0,0.0,0.0,0.0,0.0,0.0,inf,inf,7,33,0.0,10,8,1.25,0.7777615785598755,0.5,1.492629309041149e-08,0.9428048648726906,0.9428048016521302,0.0,0.0,0.0,0.029646017699115047,Unclassified,where can a plasma membrane be found in a cell,أين يمكن العثور على غشاء البلازما في الخلية
CASE_0247,1001108,control,evaluate_perquery,0.0,0.0,0.0,0.0,0.0,0.0,13,20,7,38,7.0,11,6,1.8333333333333333,0.8053987390278267,0.5,1.1679015976540086e-08,0.9501049333840983,0.9501049333840983,0.0,0.0,0.016840758401742796,0.01704757625939506,TranslationDivergence,where the chromosomes are moving towards the poles of the cell,حيث تتحرك الكروموسومات نحو أقطاب الخلية
CASE_0247,1002145,control,evaluate_perquery,0.0,0.0,0.0,0.0,0.0,0.0,23,inf,5,26,9976.0,7,6,1.1666666666666667,0.6928278620736517,0.5,1.6462172069964254e-08,0.9200075334466763,0.9200075930513214,0.0,0.0,0.0,0.0687347388428597,Unclassified,when will hummingbirds show up around florida,متى تظهر الطيور الطنانة حول فلوريدا
CASE_0247,1002238,control,evaluate_perquery,100.0,100.0,0.0,100.0,100.0,0.0,1,2,6,21,1.0,8,8,1.0,0.5851136445999146,0.5,1.8555123659780293e-08,0.8902566331557493,0.8902566331557493,0.0,0.0,0.0074511999323981755,0.04901530785187781,Unclassified,when were cheetahs put on the endangered list,متى تم وضع الفهود على قائمة المهددة بالانقراض
CASE_0247,1002426,control,evaluate_perquery,0.0,0.0,0.0,0.0,0.0,0.0,37,35,8,47,-2.0,7,6,1.1666666666666667,0.8722388744354248,0.5,1.0183554444154197e-08,0.9675326143438736,0.9675326143438736,0.0,0.0,0.2807878522545893,0.2559209861612898,Unclassified,when was the shazam movie released?sadasdasdasdsadasasdasdasdasdd,متى تم عرض فيلم shazam؟
CASE_0247,1002584,control,evaluate_perquery,100.0,100.0,0.0,100.0,100.0,0.0,1,1,6,26,0.0,7,5,1.4,0.6706726551055908,0.5,1.7085014292206324e-08,0.9139673407057911,0.9139673407057911,0.0,0.0,0.13946076081244319,0.1392263701014045,Unclassified,when was the first comic book released,متى صدر أول كتاب فكاهي
CASE_0247,100307,control,evaluate_perquery,100.0,100.0,0.0,100.0,100.0,0.0,1,1,9,46,0.0,8,8,1.0,0.8912557363510132,0.5,8.517035965383002e-09,0.9724339990811987,0.9724339377869147,0.0,0.0,0.03131554716046782,0.03131554716046781,Unclassified,cost analysis of school based obesity prevention program,تحليل تكلفة برنامج الوقاية من السمنة في المدرسة
CASE_0247,1003277,control,evaluate_perquery,0.0,0.0,0.0,0.0,0.0,0.0,inf,inf,4,40,0.0,10,10,1.0,0.7628747224807739,0.5,1.2397548765363808e-08,0.9388489386761907,0.9388489386761907,0.0,0.0,0.020253164556962026,0.07301040101009579,Unclassified,when to plant bermuda grass in piedmont region of nc,متى تزرع عشب برمودا في منطقة بيدمونت في نورث كارولاينا
CASE_0247,1003482,control,evaluate_perquery,0.0,0.0,0.0,0.0,0.0,0.0,inf,37,1,26,-9962.0,9,7,1.2857142857142858,0.8179523944854736,0.5,1.13410871804831e-08,0.953402404272868,0.953402404272868,0.0,0.0,0.17790032503198253,0.027875961109168255,Unclassified,when making a payment what is an aba number,عند إجراء دفعة ما هو رقم أبا
CASE_0247,1004199,control,evaluate_perquery,100.0,100.0,0.0,100.0,100.0,0.0,1,1,8,41,0.0,7,5,1.4,0.7610070990315557,0.5,1.3001042908911131e-08,0.9383515530498235,0.9383514338405515,0.0,0.0,0.01987912763400141,0.0189700367249105,Unclassified,where was tupac shot on his body,أين طلقة توباك على جسده
CASE_0247,1004322,control,evaluate_perquery,0.0,0.0,0.0,0.0,0.0,0.0,inf,inf,9,42,0.0,12,6,2.0,0.848119854927063,0.5,1.0408922612725746e-08,0.9612803088963968,0.9612803709018721,0.0,0.0,0.0,0.0,TranslationDivergence,when does the womb of a pregnant woman rise about the pelvis?,متى يرتفع رحم الحامل حول الحوض؟
CASE_0247,1004949,control,evaluate_perquery,0.0,0.0,0.0,0.0,0.0,0.0,43,22,8,33,-21.0,6,6,1.0,0.8090780973434448,0.5,1.0689032770017093e-08,0.9510725823888295,0.9510725197178552,0.0,0.0,0.1701323390423418,0.16572971585482987,Unclassified,when does disney streaming service launch,متى يتم إطلاق خدمة Disney المتدفقة
CASE_0247,1005163,control,evaluate_perquery,0.0,0.0,0.0,0.0,0.0,0.0,inf,inf,8,38,0.0,9,11,0.8181818181818182,0.8874559998512268,0.5000000331007433,4.8897710769324476e-08,0.9714565988262116,0.9714566601821609,0.0,0.0,0.0,0.0,Unclassified,which amendment prohibited states from violating citizens' civil rights?,ما هو التعديل الذي منع الدول من انتهاك الحقوق المدنية للمواطنين؟
